,p1,p2,p3,p4,p5,p6,p7,p8,p9,p10,p11,p12,p13,p14,p15,p16,p17,p18,p19,p20,p21,p22,p23,p24,p25,p26,p27,p28,p29,p30,cost,safety_factor,error
0,55.575081673874955,58.29037655144242,12.994699380883421,82.1569715295534,10.543055394932596,83.66541755062482,12.996447956797084,88.4229383896813,89.13813176331847,11.897817184969405,88.27151573201326,73.65643893494722,32.803339548711875,15.923807207748672,28.257066354859383,43.87277917156179,83.48093371752648,6.655124723169625,47.532134409141065,83.14673288470048,4.641969739541426,46.50685839321955,25.64216832087353,67.39478687124094,23.178276419601662,50.60794980967272,50.5490366071904,43.28820691823191,21.507246500006737,30.09990761688811,3.6349236605240676,6.003151346326373,1.0084366515396823
1,5.615685304664311,45.589717232349706,1.72370574045828,30.787312889308875,26.566406651875432,5.626448153219691,39.307036526007394,68.00319062792185,16.197654288477242,11.756653167607759,28.343662164566997,19.31249224089801,69.56759550300981,25.696549260936468,60.976132874871475,88.1210561779371,2.053823748029149,3.1182251857959233,59.76486918529714,10.073149238623571,33.33135261332281,88.86215940758545,66.2150041296263,79.45005779653582,8.996063320646527,18.88495941008451,19.67043291767942,60.20854442299751,57.854302826996815,74.21859626828298,1.2320857088625414,4.544157464747828,0.671797108902364
2,36.17228856112866,70.30921524180886,34.09287875950683,26.53333543985808,79.60039993652211,5.508739172766908,51.152854323657145,0.016873564415599285,10.41067532715434,74.07482947518429,60.80514010917138,87.67052298980452,46.00519723031821,47.411219511433984,12.471820531173073,7.957484773876711,38.2797044549453,20.36008373568955,63.401006541228426,4.471473251974812,84.57513557898805,16.678697119246507,10.410539564175881,26.109291976878417,83.03248264401391,66.84457566253718,4.096672434745651,41.24123527452164,48.928581411024616,19.0175322101054,4.260402413056528,0.04889688907428262,0.794440972772253
3,34.14155238908319,17.295733217807182,34.68251482910007,34.58563617295328,16.216328425360828,25.83891004195327,23.27351587068644,46.70611262741384,58.75422746492978,62.75592251517534,34.980688913795234,33.48186461613924,82.91594624535928,13.171336333689643,82.29870456269119,51.572582318264836,35.04033816694326,26.348302638959094,25.30200048917801,55.394600622822,3.4074323266436526,12.853416574511305,29.089368584525122,87.84871907409033,68.5156575172246,35.42992847461309,21.77643970528945,46.164464928136255,38.53250871662791,5.865512998475893,1.3404506194798251,19.986712335788315,1.0141882863409541
4,53.635284283370886,32.970823451560584,53.44795436402544,55.200091873790264,57.602461847192785,26.94536587875269,77.11374480823352,68.75010184108109,42.31625967925852,19.976852783832253,8.736783177988478,17.874384086433178,15.295162421991558,77.22443922034373,73.85618154815812,83.36623903526332,88.44770569454712,86.1474061604517,61.45511763114681,72.74635298572204,48.95225319410115,68.4030932134961,52.096866383147535,72.13940697578977,63.458437949445425,22.12701275729036,42.877836799147026,73.39069943457059,75.93274146304819,66.53022370074082,2.967880338964256,9.63319444000549,1.0115527038301813
5,28.65983186974477,71.98188859036308,57.08553751430031,3.72535761015661,87.49436166360105,31.081008058066594,2.3451022577282696,65.3038384158785,70.48925787795262,79.31785216922025,72.08856686192185,82.48895625921656,52.41689009103348,82.39921521346403,9.655521410806383,69.83285527288534,75.91447282672033,37.704394585888906,14.097620376077355,64.91917080955228,55.497562149692286,4.633552415689518,76.19730084665396,56.22419666978116,41.7995860344401,79.55361322616614,49.75912518372193,34.26142911390157,56.048730681097105,9.032930060959446,5.28570053620672,1.219772724395285,0.7212849740183591
6,0.5437720341523478,13.786074439059604,58.403674971267336,13.717469788700527,53.875801378950214,85.21473698056461,63.26095880790374,60.7183035920765,30.2527042774707,76.29640373403794,26.611416002243537,21.42014517474117,21.888693036382968,60.309754221401114,14.893465164662864,15.662793015988592,61.33279724099793,79.22180592590804,71.84745125173411,52.51190356957559,19.533238251873396,47.135200186959764,69.90575270221322,32.31803612222973,56.36231711397817,60.54818623123039,80.92121454453535,22.437790652321862,69.17801459455623,19.05159144657824,3.099218605702905,19.022027576090053,1.2008771079250202
7,27.144987398321994,0.752493859634068,15.737936192818397,79.22442949728418,34.844635232913255,14.09953925015487,43.28630018291447,23.69779627341719,30.83130460471868,28.445890212534454,86.48723392689698,43.708266726392054,89.0596473280037,45.083257383620804,85.9207076455737,64.79355940315017,56.8353006442643,26.246154779477656,29.551340059747442,84.03980551691966,30.697130619454814,20.39043688909136,3.653598766421485,60.112160684968295,70.92151093036631,72.36024332207461,4.438861239164962,62.836766054126706,70.91805261588232,19.4668372437489,7.188238100408449,41.81229873198448,1.576662169096253
8,64.17735122547472,49.83456081389607,53.660068212069774,82.4994679598297,46.34111841828863,43.19932920376765,88.18876120904173,57.475497344888915,5.6066167477646145,25.894044026890846,29.597028150936072,78.15815523790987,57.272013388059065,10.467924439252124,27.965021266265968,42.92862892470623,31.63538592513489,26.63782693884969,40.769519619461185,74.54228026866697,28.00291031134383,13.139006855674284,57.961941090046636,2.243469289569221,59.379918158427685,55.053942631229376,67.80206543475194,3.507402069936468,32.47604697083363,89.03573497432598,0.9986021784345354,9.328552474599636,0.7857580960947335
9,39.98278348480935,67.9743662216666,56.72768476776025,87.27313044835874,71.98816704003762,78.81029221896002,40.90601051695723,43.02773161248862,6.13307647330395,21.081021639702016,21.984546589612616,30.090305520625552,3.748897032364602,42.08204644366269,9.30357879199112,56.91967278259161,58.45819203310011,52.03729295540902,50.23504560356748,17.108234296763467,52.90056711452665,31.612787500045176,36.51046411805291,16.348363965687923,66.88441666755187,65.77180354007953,73.1865978290895,27.67929609151342,38.10050177255714,31.032097212116675,6.022364254561847,21.00083536009098,1.3538445319291077
10,13.47109389399538,46.725936346957596,4.059956203551951,30.985384291035416,12.953396435944418,66.58060232550685,27.007584036753578,73.1943211429876,61.63410808531972,17.99119395403648,71.30627247604848,59.23481534820556,43.88221160620365,69.6961131304365,8.544090896015273,38.14240075714316,13.514086451375743,65.80575425673112,31.54641657036602,28.159708716355016,70.60185907286517,44.00003887819106,55.69814476197963,1.6517251688628232,85.01721042210809,71.25107332111244,77.71070652132718,74.58419044014072,85.11806391799315,77.01623745628956,2.570267283440011,25.041102782590887,1.221686519355909
11,1.171959499783204,67.72738976938554,84.29687388599463,79.21879789317852,32.28147308683493,64.66205026357319,44.74541299274409,5.556990618101776,63.52654284493503,11.886372682097013,12.810688316796078,55.85338492861415,76.01810081138836,52.45996401297539,32.56946072598211,35.87702465172582,50.381216799197794,79.88964546981879,78.22926542417963,53.358997585338365,60.04155792108801,88.60129731191773,85.73469558549091,4.435687796917108,85.89152007663075,21.59352920471919,45.53995999192108,69.04830695752239,41.446158536633,45.31689511401447,4.4147407479986915,3.3641286357741187,0.891199030365983
12,32.830307693867304,43.19516536413509,20.391505793499764,52.01621441123525,25.34147595927169,28.065711529240595,75.55109315803223,15.701250271792043,11.707066296325356,39.206431106639606,33.897986680944484,74.53028800114197,30.22873035691932,83.00897341986469,13.18139522314802,63.762407230787055,70.42950348933807,30.32040725005619,23.223954617714988,9.80409866913728,66.39144816881453,89.41958649077553,83.27176528124821,29.32080962378443,82.46836411729427,6.404751716496058,15.247512827836612,81.64715986224525,20.496521189454885,84.41864229088212,2.742050390218603,0.42257652042144894,0.6450572017478293
13,37.01014173743169,1.5165039204335407,19.61097353505723,26.992283313061883,5.796200938464169,5.678301456805526,11.913674140422472,54.62590259240796,47.32372429653081,85.15534333922656,26.291762897439156,10.146471562891588,29.520964733375603,42.97879347862247,21.416081918075395,11.572555907939194,4.400701833197517,47.804069042934046,30.250519624432226,80.02453663502553,46.4657663157079,8.235805703356544,29.690638605199293,77.17251980596704,76.69960473669622,24.465057685681206,48.25826440110834,38.24978111417007,7.67119599840478,4.795655276708123,1.7128505566553445,14.662582442683213,1.0015390544381937
14,57.82008299374411,32.537510746743585,7.63250079738507,8.013059473724772,62.71266369792566,55.343701939794286,82.91316072395352,50.40679161838466,62.18639723638055,62.91636783806704,80.16646693771355,43.21931083016797,4.296535321956979,27.256686354700555,74.78579090344542,35.827269302156985,59.506585109193324,50.63238721172796,69.64338109606587,49.82615664520317,62.40406791372742,63.360217262681985,68.48125740976296,38.94723472252384,11.250843970359629,6.811218341209159,52.94829372678483,43.50371817934419,66.56907536838168,45.52737267637632,2.6846351254917917,0.3863287044946852,0.6165920567070116
15,10.220003034482382,43.11339917984551,37.83914480185233,11.676911557576044,14.987130897986962,48.055970367068205,35.2548544049194,53.366216133850656,34.665042000815454,62.55386417152926,5.534214028292672,87.21215291763971,28.499326274358594,76.56140191869099,66.66039534134616,5.222882678096113,55.925330044870634,58.34436041017285,42.0225316624529,23.491393501480566,0.8544084570096644,88.83850578330838,63.83818712353038,10.15490455819665,56.31470290402255,17.73187078986022,53.63696260197834,34.23740288853057,49.92218466805182,35.60626960947513,3.007133118930819,7.555319163877491,0.9954161059407718
16,49.93268822723293,76.0449156194662,6.227633924515358,84.96019849864201,70.71000960568654,67.38234775110433,61.24948124003139,17.405050789042217,73.92543514918866,39.321483174002424,2.4300665578162306,74.86838850056476,19.8027056798301,27.40539820547896,61.47839564515461,45.01078047791946,32.427572914868634,86.35095080137651,25.463428158673374,21.51211038615185,72.10324700688436,17.732858136152977,6.884983351213451,79.01834594411702,22.700298695127934,5.795135050083811,69.88237520722898,87.50652016088466,54.17883479781102,43.52073539690907,3.2412876935145665,1.8474181851544442,0.7094813723443734
17,7.122600889025832,84.61778157449005,73.11545109546722,55.32619923031169,56.11983473136562,3.4521172461051073,23.03075087275138,40.86068715590847,44.313714371303696,68.4036929709116,41.22113526157931,59.32098679248786,72.12372487390046,62.989430084391316,61.31587621306576,38.81690531469145,68.92519511181986,66.97663738845625,20.04395052228648,40.2584801593757,68.77734861611174,14.77831573066922,2.0422000550992347,45.26408413216448,20.152286210586226,81.28644792529347,34.45509123422619,3.9804516965884473,1.010403220955347,9.327841886012017,3.3583741084764616,7.746167919241183,1.009500474699544
18,85.16219126508533,73.5579969356326,56.03020789702618,9.176338447490075,33.424706663535524,71.97573175317154,53.34583920854109,39.04130497791664,63.377732265309014,68.98036113611644,39.46221648841088,67.79529633209994,20.286814315395826,8.500622958227122,9.337483139491301,44.90900626895037,29.860130853543687,73.74680681248876,4.772165516654869,5.902869067023422,61.20225789110768,80.34309289171222,69.53162697616972,81.36009608893893,39.916607815764664,79.27034991754051,82.82444315516798,31.81901890906768,5.444327258603789,74.85974860642636,2.3913392032254444,0.8553764162215619,0.534641310318081
19,26.585979204891075,86.19423231869803,40.19524891547015,80.91319971085557,51.91058661187265,77.37211350095617,74.38534112137681,71.05994968758746,89.24310009141553,44.709266531150334,58.255803163567236,70.32345288610085,29.56780153324609,64.58178756979619,62.12278250563264,31.075837965949532,36.988230224984356,83.88179999774854,46.25586035164564,46.87877770847693,70.41591446307103,53.368585818177124,49.90803888083845,23.42977004263177,16.437784901200114,80.28029508591362,32.20700979514401,18.16468434979962,71.19934874367314,17.141274548641466,4.717605538344848,11.26254081188962,1.1778404201774815
20,76.16045075181813,19.766676617883345,28.08517289435709,87.67755293153427,60.708110202975206,9.906819488115255,45.79589919296301,36.532501805148755,42.51474956470225,70.88149508014116,66.50081540169938,11.537533093322628,8.610852957971584,64.10949296014465,12.515974154022093,54.942997991594076,20.71638116087032,0.22922505001065852,1.6881264666702933,2.9161588239925864,33.11738315183293,35.008317680922694,88.24299389099349,70.90686931183978,63.03915114807181,24.617215983212954,4.9062795310361835,78.78520153453167,29.30524696449525,62.503698201998844,3.222789827762194,0.003254921098361169,0.7230077042070496
21,25.560114365609007,44.03067076967749,45.47921171437713,85.39202981431417,77.536648439883,73.17351730095326,66.19406493976513,16.388506559237065,59.59637580425552,36.0842101810945,55.87181768156989,86.07185413156913,17.330689735352546,33.185123553029776,46.078836724760684,26.168367081225984,22.90862589021718,68.19481525523504,30.098040875319086,30.65799861109423,87.45964206290044,89.04986287772834,33.44396263675045,64.13444409678885,4.987033760187723,64.71949001130963,14.460924076473217,87.79958640634949,47.32457326545832,29.773990537712578,2.8264424190005855,0.1790783209471575,0.6741559072688373
22,85.69041452271273,82.20793554442314,33.196796280034675,75.58083575064704,79.9163178357272,14.074550203029702,52.39242274509252,63.53234353987213,85.27405762752633,8.963915803623511,4.793745099256249,88.42888757131394,23.157568645752015,55.59372391442877,20.044779162567504,81.05853208852783,70.45793270820738,20.42295287109998,66.17159416544192,5.343038880423412,11.294814827355067,8.995060458204097,36.53668356153342,54.857829093607656,41.52905423976522,44.550837775344725,84.7914443772123,29.441869233339904,79.90477347824023,26.64750245914509,1.5061051568276524,2.4129629149235927,0.5979981298971019
23,3.3874462896662294,32.20026668085984,11.696810853604925,59.69541609654928,9.571253753460475,50.089223303687724,87.18365088776186,79.18428368582538,80.86029875944135,34.7737772410592,25.780425088192253,49.267879856211565,43.88790063928105,21.84661330989649,75.95104817673548,51.051093129434186,13.141561093654577,86.75574904129128,20.5597592039747,22.334003231957745,48.74094114454148,0.3809925870811992,24.010107819105055,34.97668980078688,79.40512649277882,68.72613901620609,71.28263002797985,68.71834808297972,30.14381065207311,55.7958262328558,2.196560307171228,32.85142714947047,1.2436835625685576
24,87.88224051913728,5.711802211366469,52.01870746120253,52.903129962618635,15.43478653327917,0.9435170429173634,76.77590771483393,87.71894961736358,48.27328266966174,88.76391755441091,78.00172954386532,13.134528551915079,25.763467045903706,0.9780376871750829,29.144745200945913,77.16045852953897,53.522169590404665,80.4261876336005,40.88342119055769,23.45197552784398,63.33676248831467,14.612430947595282,18.67829843972781,62.725418574351984,51.89303716491112,78.27458845575006,64.8363279853812,73.56279193298144,33.4813156845377,17.573572391787405,2.861791546501144,3.982276979785001,0.8445087247468337
25,12.354786986337226,12.058266784119224,80.77333357054411,75.46127749173343,19.990198515321943,19.047818152727608,62.459617244677546,81.27501460180461,48.99702122071153,89.35676021473557,35.98896101061963,72.13500301592454,76.99798780071733,27.672890825256022,0.7475746016066231,47.00301920256355,34.0885365718224,0.48655638742512886,0.978036925107324,50.275527530204435,82.81522368078764,59.936934899083305,15.829574637824287,71.11353954120996,53.764697009500416,62.970018425849254,20.887631115771228,54.70708978116992,23.898352006909416,40.44997274485908,0.9670076293564341,1.919359555663779,0.4265228941983128
26,19.973202078985658,48.40489708966696,56.588861566605246,55.923583617967836,56.376912799918856,35.86934883297946,89.65933927904399,46.283581428542156,49.118339748668575,11.754704602666967,15.348680770555836,78.96351798228895,25.100665833423783,72.2730520101372,67.12515444384556,28.12109017922888,52.08475663256981,88.17435141265416,38.33384834551378,56.76217250451338,78.41520533115622,36.731466698272754,54.04865967879758,40.468591025352566,20.69619957029723,40.59650338041108,58.599095245666064,6.146824166202011,50.215696913994854,44.33160758967023,2.2156240920492714,7.095713869759613,0.899577998310522
27,7.216459810229264,50.506767938828,31.521370298506753,9.73406710352224,47.62707912094478,38.61132666433185,0.8417112631566259,15.144852039048097,36.456643318634875,71.47183438794002,17.73736577027289,37.89807169481797,44.318029668307,62.831705365775235,34.866136108045005,67.79856547067105,65.68083249257761,11.78361278313415,30.408164568663246,52.82882359631208,41.41205381297735,36.96671532948887,89.76299541357534,66.4673753316939,61.33999202463264,10.143851454950818,13.357889767980248,8.480543412928533,63.41875814927663,22.15282429878312,3.8015632934003962,5.1513430677259775,0.9461976756989097
28,64.3356959886535,37.63182542712137,69.10776739705427,26.843316372557357,63.933696870873916,57.4765350546631,78.36714174793629,32.56611668120458,60.62935367310709,57.76242865345724,49.035013098344,27.37132274307547,46.83257358135979,35.99399254585421,15.540828767115961,73.73410858657127,79.44870393142226,61.696346341162894,18.376561795054457,1.4372256727162458,46.743478547971584,77.82867231028989,0.33229882314753323,32.958803897978285,48.7690955495891,35.10440260217551,49.18001449170652,48.86737107699098,81.03544543140924,18.480508110288635,3.5402980036844873,1.3778062197419674,0.6422343573547316
29,12.98342769998598,66.4644697426038,82.75764782557096,59.17551303115164,76.9090577842296,24.80497044903198,33.62098139672907,84.12306340417486,58.41334438289386,12.070435660966858,55.055696789543966,82.73326387045502,23.883502219939704,44.435664689074805,67.83276162385175,88.79667096671687,68.40500085356031,39.134562322827215,57.978484093399516,84.9719258358758,69.29559352053641,17.213462036474635,55.061931591152614,76.65854902940555,71.69370965930871,25.844515945905453,62.75248245541979,69.56100984038146,23.615039477607144,54.876025932941765,6.701693784627354,1.8886421257528543,0.8572842638589224
30,24.670603445768563,43.872234463166706,46.93552161923988,19.65136873121771,82.73551992257153,87.25893973484612,81.23398864212568,81.05467054558424,8.720578230670867,77.83262421055557,59.25789185024758,66.83176300098731,40.10904183699127,53.95726852849075,22.657621434167105,46.834691954577494,33.30803791385103,24.225367496502,65.22977502749852,30.91373071998533,8.803222763189222,60.20695624648673,78.24977013359675,52.61749545798747,42.98291850797808,7.207194244136877,80.25164403690215,29.87479922868587,6.3282171178090305,38.30141913139583,2.89868989588916,0.6651663995412357,0.6084608151233784
31,59.12705421063696,7.270223690251677,65.10896097010264,69.98079243601691,84.93886811374753,69.15394337645125,34.35157279176277,72.33499906476075,6.6469315623328775,7.492762802208639,1.2077390217135386,21.01849119716921,73.04411550580959,41.52280064046133,89.54938326731269,37.62439880399702,15.191053349304083,23.892761800903227,38.321282678089844,86.65161906343705,61.83360272132831,15.728025334813687,78.37967835919295,83.36540173478379,56.806882769885476,59.71416035221108,28.196875991295148,56.42858118217224,5.635124387001005,72.80966041800171,3.527627890326985,16.35888502802276,1.2054288250557041
32,45.62287847977562,50.072057157242774,6.195102638963036,67.027170484698,66.39690738166578,34.37497877185454,41.48182150094238,1.8460860260644651,68.54669366013736,65.43037662271229,31.999805620834643,54.0300473540563,61.57313529810554,16.5558034881059,83.21354001738995,36.79028931222736,24.469721712259595,12.031330725111278,42.31952879704628,51.85930604525486,39.87391731179842,16.66105670543947,0.7046596782657588,15.774056818167642,55.953030281018236,19.967385975247726,25.26740154993145,60.20567436897579,63.720273149222756,15.957894739207246,1.811952683826026,10.025888032897356,0.935666375234099
33,26.3408289026309,13.570695203895642,28.977765946368805,4.6841948227827865,16.682182230383248,50.085636540777585,8.869334353909439,77.61906964732252,65.23496825299362,31.863685864345594,40.59106179295205,75.60796892160137,10.552602108460205,79.99899749275241,47.22298907722285,44.206243932747725,31.137603279712753,43.69419728034829,48.128540517242804,42.57317418920879,71.02454726056807,14.791485184974674,52.49509719903218,88.97974364171438,50.03264228657348,21.42098200465772,45.193213999121966,29.918161533855788,50.19928208921009,28.775578226171767,4.709894668455269,9.286878010644681,1.133403895338315
34,50.95081043973893,60.698910341451246,48.929349507536145,71.2279787684272,76.38109479682211,3.4053514439469588,44.05806622872381,77.76308280491402,20.88351292354984,43.311092054988066,46.83037151516298,22.494112334547694,44.364737705022876,44.38463620978105,16.835099854147707,34.335101801629335,41.057376398386225,29.508116424668554,58.61737175410212,74.99941587012727,34.31315208784065,52.24102089475703,21.56332357492753,21.773517000537993,9.653069110832377,23.194308480903103,26.909964554976398,3.19909302133372,14.198853920156683,14.308371201054143,4.12292223316732,6.65616126910724,1.0126994355101302
35,52.18743357444213,73.33956846675076,18.945252785052013,54.80951131042841,65.65600758977187,86.56723777950646,2.5564182113605205,21.824161352394782,10.178077529732047,17.8834380832813,40.5387262421686,79.28917705286275,49.07788316592139,30.50866177912756,69.15003598444788,89.28879076666482,44.2402543217559,44.86683341856626,85.29223200498006,84.70977206925586,35.18370345461911,37.48221538218962,77.48263723546809,85.24224041926956,65.46138042536307,10.020107984253805,11.125119119225683,54.41900906232278,12.535723937407287,9.432406304180631,1.0086518993368836,6.1909189791587345,0.6971841767712084
36,45.00363169307294,73.72323300816839,84.82340490509581,46.12254303351099,78.67291921651749,42.882399220246356,29.35357005751626,46.1452326348393,80.71725532554413,10.165152005650613,15.344208683386004,26.895377900665427,34.30048022490418,20.575237319522934,52.43080479677324,7.231723567088145,24.120390921118517,75.93829898768301,20.684012246655914,75.70588206511655,48.30261492320065,31.37979162439837,38.720704702521104,63.28026087609324,48.351230228084844,52.60489264072317,58.90225875621745,33.29534000083344,83.62931737055035,82.50453154223122,4.369860058529273,6.343887905746945,1.0229901748214651
37,88.02223347010982,10.120138670069919,8.941350480703031,36.50281042884885,43.396614254523996,51.76279917614211,9.18560204291632,30.118992036596598,31.040547409559533,33.25067604784295,8.231254010634911,84.46214362365593,10.675392930269672,72.26676834283863,88.27540144943156,44.906523474308514,81.97556089218381,73.78727770751556,30.878064825983312,62.76558556017823,14.292062863152768,80.68956963980773,83.59736021156665,9.626844481971494,1.8703529605278357,39.58437612042796,5.380233003502336,3.344299762744951,12.356455148317677,34.882998021709746,1.9224654010941518,5.913815889450329,0.8435862000197603
38,32.75323688758617,75.72320851201563,81.11888035964394,49.847543017404234,4.618090617959064,53.932173749144745,86.17044314408304,75.20424408411468,14.186472550205675,41.94332490061133,66.72934167604333,73.2700956800372,9.950600925375696,79.7816759291444,26.35775361201469,87.75636270392984,64.93680475427321,6.6000202540967825,66.24459252119651,10.73366475384545,35.524377700217016,13.04803458826685,76.48099044538148,66.74119360983906,57.77568294834738,62.155404776749776,16.00779921858722,31.04790673607458,64.78754676996073,37.3651786319424,3.2281080342032875,1.7598364058173688,0.6935671618282794
39,69.88029431422189,26.738189564611424,18.08959818190231,43.12711427051339,19.96694728134649,27.541920021373407,25.858170767528833,44.912690376758434,7.539252928417259,20.54609993051622,76.6442736735432,63.96911462536017,68.66320361846499,23.343246087956718,32.82974241375531,56.739105876863604,42.29282401697184,88.60690050637848,6.600403419970032,6.299362689621785,41.46844496002335,53.04543370484485,73.13553968586055,11.66919640841353,26.76980836758226,64.21020036601863,88.6421094842628,63.528271619640606,77.45064885178883,25.17960721321987,2.6606650663786793,19.591056674535146,1.1734870907765536
40,23.825928792116695,6.10327171351723,34.160421710327995,75.25568322196685,10.512953375568692,17.92737254114456,38.63704992890541,17.345825039026877,68.01141707002071,46.40107639957525,65.8367364260099,59.9943456363347,79.35626732619376,22.840816461889737,29.94960517685197,9.53883650632927,76.07078873931704,24.184672343168312,59.03859474263525,9.084258861013954,74.7380903989492,36.30462224928036,65.45492163730566,86.14362014494986,36.14216542187424,1.0950767883246881,88.66651611102169,80.65151459926702,9.512168723967083,7.669902234707097,2.471148512893036,0.04891756953125512,0.6703686616442226
41,89.22267706580777,76.15478541474221,46.27635941399691,68.41063093297872,50.383646269143576,17.572765310387553,9.46233808213908,78.60490605334755,67.63207873445164,11.31450035987918,84.94651913536735,34.05803307449588,44.04526660291053,74.61939453859404,76.0178786376009,73.84722902853173,47.09078565960187,40.90996262964697,37.00744917066062,45.20515878382216,31.995179851767773,86.65403684203692,7.612609141504445,49.2131122590059,82.09053316606084,36.10385269872897,21.641367239112288,1.518389869706911,18.958461699543825,6.361035380537595,3.9203836156904157,10.53460908362055,1.1274700550645373
42,45.690257104744,24.96247369080828,56.864271222690135,69.58537547149096,54.976126759093546,66.82630806002673,70.85747177871725,2.187632899895051,37.05822626882931,18.256222448988673,63.88856224401193,40.40271131275667,11.951065300994728,36.52774447955228,30.667358100740586,26.34502626259291,55.46262641189377,16.746297172150573,73.88122739747678,77.43565006307793,36.6455944858327,23.283387726639717,5.782718984601015,66.06974029544025,37.18796972151538,18.37446346978082,49.4132510705014,31.20934107215293,1.6686779997090517,67.1008416495215,1.062963163797336,1.0869086512373975,0.31349697856800346
43,55.0403729439592,29.67457049625928,12.894161131883324,76.53359376660183,1.302216726689871,83.91161103789888,78.0935723003147,86.7559867216701,76.74054301136952,0.3003497030816593,13.543854302634339,78.0038383332875,2.152343110422753,8.990883889789643,79.65903690247973,83.71962766405733,20.740387520105024,88.8766765557522,39.32111955826198,2.104182404609162,81.34085740432127,46.24372178959812,54.79152252975819,27.252850716779776,71.88607218002961,9.920925936097596,11.748819895919642,46.297425257292765,29.99746346141278,56.39865372476581,4.164405883859132,17.15188004911928,1.2734291967237386
44,78.22108242808311,9.44923611571707,44.55014175678327,6.059061230850795,44.8899462968347,29.428867949084296,79.6416108939441,26.816769885082614,1.0500342850300493,26.00056926373512,34.819459980020234,14.619304855823794,52.27522190502852,9.711776554937003,44.19854278906654,68.72627494816348,27.363582898187254,23.369267247515086,70.46493649794583,27.687936168377217,54.013856011313386,39.64411653221671,24.872919558828645,43.534601432472314,1.1204550618810605,44.254570104669654,76.02327210848938,44.9691711541461,64.05674775742813,62.46453051819421,2.172636909210742,3.637093804238766,0.7574344002354032
45,8.855363912083945,0.2707162758309478,14.211858528917881,37.633296969894865,34.31708914652582,38.246715965711644,53.31747376541416,65.1350719786297,68.78699554453183,69.12059861304698,67.59697246914924,68.95035405969165,38.72573586694718,40.480549292732206,46.05648277908033,74.55819653157288,7.747222306133974,59.3448463233916,30.166988720962713,31.2355293091613,38.93981123973321,2.191162650487274,15.146243634816495,65.82628439038379,49.9674924150962,59.873349859340614,85.1705701236405,77.73661141837043,71.73580953631837,36.44057866563104,6.396056728438419,17.115416324793244,1.3117099531365755
46,89.7950616646043,81.90371258089965,79.01059116853791,32.12742238128637,67.89655465291028,75.65574460002387,79.17366404565817,87.03047624412847,27.916572303779706,14.364351391451743,23.79444028045108,31.652420721108008,24.71735411594947,56.05944134294434,31.956210085702313,46.58507243118533,60.22653298850161,22.853944946557128,7.604231230813852,54.52475740984922,28.101943280974723,13.956984179436919,67.88547181937898,72.79946779188951,80.62808695852101,7.785249056372238,34.210346231966795,44.2502821794865,44.6849215202765,39.20133409363085,4.548458896950631,1.8475259773822978,0.7499763825309301
47,81.52521694907803,28.23943280889532,8.428562146514246,26.57572273848214,0.41123217448467253,38.305760005986755,12.928152508418457,79.80718282825292,37.24488703797782,37.43128197621998,57.75427340384378,12.102973164255635,31.079492465663908,15.294140359716444,68.26138359598788,19.28231020887183,41.36179019155142,0.5129107517704667,56.95782148003314,10.873245040441047,87.61654609512767,64.28859617180417,45.06351377069066,34.437390411556365,15.79681524097811,29.260827786017842,77.69930607759943,60.60085794743197,32.77702904300584,15.171969034822252,3.2481351651165196,2.7894847913054455,0.7955416008492762
48,18.55828558869274,2.0352410269621513,83.81372980351483,39.099697075556726,53.075190448802424,31.250516592063185,53.0759327463331,19.940655450362392,54.781289286113584,28.263536241264127,16.758074249136182,77.73819867664605,89.1411880406138,40.24430586552341,61.619771453646095,1.0560886556679105,43.44933203570349,5.903192955890788,64.6463807229521,54.55138214582638,45.02991355973841,75.18426368520699,56.78097024201121,40.446436887309524,60.308741665568775,32.32478315155571,84.59979454770753,11.17600324007817,9.059976756064476,16.671233734782113,2.015560285485242,4.441267658598395,0.7859581461819825
49,19.52640416824898,18.8907458779427,29.338085292927584,14.502993485726748,86.83425773534549,22.92507956786906,31.97469037618989,1.0618856969157853,45.26088431259554,11.942072602944753,52.371522748960416,4.437074392035253,67.67246324143889,79.27125775717944,37.49069353267852,48.46205562915405,40.23450056974651,25.758473090888984,76.96458683982284,8.021869948729943,73.44577184042329,71.13186744998626,37.93585405180076,59.45354897233885,47.129615941126204,63.56211175128332,2.280742787034659,87.62719006307645,26.82980161849191,18.716647765745364,2.047472568810008,0.4855303711044081,0.5729830390509828
50,45.118430368759896,3.810700275130273,46.46967653860852,55.647415427527925,31.543720849582666,84.01332141688216,70.60121230622977,38.050178776316,66.08921365496276,22.246659826500622,62.89601574755962,82.55249167579785,33.40099794143306,4.588124280651831,85.18596693282505,81.60648725040576,72.66636911684594,73.73378289354535,54.663420886228785,71.72937636398328,71.85020120920139,28.650796002661608,55.292364168502274,58.12652843155706,79.39768746055995,18.3200362328057,60.20252919156278,6.7179579837733385,17.00892874710879,78.17401462099295,1.7675634478017015,8.042046369276788,0.8837035118898818
51,83.72455726309032,44.95683733369551,35.94659622692528,19.907460108457784,28.40261250108171,13.483625031936738,72.60252594100979,45.69478892530779,73.52054837841456,68.42624421863856,51.58542185048337,3.0463841932236155,40.393722870757784,57.84249497927156,60.7565642393588,20.0851004440274,15.235462671934423,82.13519571901138,54.15198345774201,2.8780183038015936,50.02300070246576,80.06101043022078,43.838048062406905,51.18678583064966,26.281949781763217,80.30286089756954,5.763090933919149,62.265044535524474,73.14539626994946,86.14064499422712,1.119304197308059,0.03405208632310599,0.48034915616510326
52,22.913792326950396,60.00946722598166,8.836581062513257,78.52302108790525,50.72400829799468,23.201952973203227,19.04452373609822,5.265034371302454,42.55750355870179,39.55297846681554,2.0400033282073347,72.82693417882625,61.61095315947626,38.814001032256684,54.07785510216895,40.10263726702996,11.279328029307948,3.034280705617962,0.30326078801987566,6.758470678898045,5.989231107552592,28.46034297343476,56.457482559249584,64.20581281737738,86.56457104777853,10.137703062995016,40.078492315389056,57.56794808090516,58.21465926406525,20.914788492098904,1.00270880362183,13.94403427508303,0.8704499158999004
53,55.84657085965086,9.045130516065967,46.64506302126456,57.396524316156075,70.53374795555003,64.73457558737334,48.48347781382174,4.565608402736681,41.630880072046814,74.68004566943677,22.170324325180957,87.97667266049963,63.009457726944234,16.918903515789818,88.64182014847897,67.61939206626354,85.77515860214555,76.57083942659484,53.7651095056147,65.31417883201085,22.510198952697973,49.39541968257341,28.27604093028491,49.62953675834926,52.81144532047648,0.6892019254441728,49.9452655172824,5.8858413220970345,78.72588491774073,35.21136018763003,7.00865129298048,12.912661862414508,1.312341447692956
54,26.101233168039006,13.278582311136027,18.2381576513886,11.357121628357737,0.7541203714140299,75.5043569140943,21.989551830322878,79.84103606583648,72.53460683646472,6.660087564815375,10.825457474965653,56.08976794644419,53.299500583832206,15.02340283063127,24.388510984570786,0.08917078296456382,77.6875898370639,52.570529520514135,42.1560168900018,15.119668025846947,11.431536618074073,66.46845607475255,24.09650805205333,48.51537710440795,51.17703901981958,34.252153010722935,40.838363120181725,46.94549590549433,42.577713971933136,37.60400178584727,1.7920423507853729,10.529996321604898,0.9361921566312013
55,44.38551922380172,15.17825887866258,16.2441463323622,16.46274772091288,76.59482906710885,18.44654502758897,71.7623253774208,12.60608612757715,48.1470288245468,14.373668372271295,81.2090999653126,78.93914006800048,74.03699317584447,13.712418201892218,68.00642778573176,37.2776049309413,31.84362269122134,68.24996132664725,20.870825809260477,27.643527230863267,24.015058214744588,73.22823339071016,25.152853610863403,59.86459063520146,89.77190403989121,66.98629615487808,17.857527019533244,24.841902469331654,38.37882333807297,18.675985697037962,2.137400803517334,5.787972207888967,0.8614328874928234
56,66.8748420505792,15.781284717684226,42.20719096607369,35.13916486070971,7.470531910094277,20.020061182361868,81.65378594862493,30.408842388010694,64.30829570684203,85.85441465276986,54.58976305289331,87.21685214883502,71.7255412110213,61.09983434655336,67.9014650689763,83.01742970860467,40.04743977650468,79.34379006216267,71.06737155786179,30.091987909263214,43.65919460665269,77.68371377313204,41.81748028558199,23.34064954539115,79.99073670363623,30.557739560426864,54.15549992586894,53.7021207387759,56.125798216941654,24.63520280428903,2.0571526378230516,4.388882994051027,0.7815555614651033
57,0.867687605485804,83.2992769614911,69.14516774722614,54.876308129391404,49.48294324411528,75.86576622380657,0.23313996981956242,27.675987160326912,37.565326680183524,78.18535130352903,45.94203733493144,67.03424170522771,13.89856763295562,20.006738043098004,51.53882817627714,14.384442462807801,83.22855511193298,45.11730181557169,8.323503987906548,51.61635567275183,55.338978301857054,34.70953677483364,81.97489230651371,14.048704210533941,16.773817649115024,74.15706519874212,69.35259918768276,13.178154762398268,89.60244349487836,10.779235951441597,3.581024755451735,5.41188396228075,0.972877794452735
58,68.3231400922053,23.611868049687274,56.89515509299454,47.24453845529689,57.32427169282126,4.115986081244189,69.14884485309096,0.16796002725728565,23.26549930067668,70.47393661487686,71.38487364859145,80.98474694728893,78.93556619004629,85.45671538613463,64.30837648608065,35.938597392710285,77.07218336056586,72.82582529934547,13.597740823895526,58.26085329967233,12.039487415677472,58.11861275912798,39.194387102110326,62.56269370044198,76.68631552089066,87.41128083238684,56.53463679788848,26.43217759329835,87.9994072123035,50.83782830002441,1.8043861508850016,13.893455861423922,1.0169348013493285
59,36.85497271132608,40.24221372773986,48.688904355551614,26.469246061856772,66.4232840240556,84.74878109864942,35.52663791547978,69.19627688291988,30.735344396359224,25.933243065797676,46.12869141936262,58.8182655081417,7.137251489250838,69.34569684014056,27.37366082149909,77.11989810393517,18.456787795064788,46.624399462237506,18.321615620013866,79.85587416192192,3.2881573132499042,2.70758513043838,35.642233148797466,4.911980726440467,28.07307954559446,86.13297041569132,79.12555648050434,68.97816745117724,73.20632615145391,17.765929897141582,6.035467191830685,49.198502720025566,1.5767139971978383
60,73.80587956009244,23.125283602185142,63.03850943861337,49.020720063674794,14.837889654481502,77.45009548585777,57.16109022269754,14.545582695166381,30.863879533968277,35.55257570049118,76.30184477775013,34.671567631117945,88.00651051472553,34.09781170705935,7.713397084232605,52.85519959280553,3.0929349631612246,56.874004579033645,39.629716982715514,53.810243249096565,8.834383661320443,58.92032395409576,5.8285101737714,30.623447469409545,42.4756536929094,9.15520184474748,6.962294341677897,53.88767897678307,46.86924084267879,5.991039391182266,2.755003316940766,11.886622773710709,1.0903835060068097
61,2.4332595694833694,36.75942497692738,41.25578922402023,64.98582736653789,70.73559638535059,8.407625739825296,31.916964606116018,24.614542103073912,30.315981770948078,87.7067319756065,68.66497400844031,62.894516273082886,57.9611819655973,61.384589091807136,42.65013983328272,28.491222655539396,84.40508016631293,22.433988342585454,32.156935079670625,8.635175356575516,26.337202224321217,72.50448035580649,48.279487114407566,17.022611596794654,60.16717555484938,67.7761384455217,24.458865245161824,52.336031790709384,54.65906281217948,66.72010973612335,1.965492497784288,0.46229707864963004,0.5348084191717033
62,12.844239237954767,81.58256425036839,33.09744276694143,57.43264665665542,19.01919099652639,53.34111954329296,49.45108050120927,9.964317084105751,45.53645255741264,58.76208985011977,42.759880486078686,75.15399651853926,7.828783743578979,4.641426159944292,6.087357256229369,60.545127216920896,42.92643687044429,86.75154668697006,44.50286114122764,78.71620183965008,45.13710212523098,81.56508236143382,54.0270138036884,81.9425819073439,6.1792997859339,83.23631217463497,9.775049486504773,84.02609129501684,47.444098630771585,78.53161966716907,6.406826747599136,0.02318193309230278,0.889065998538841
63,83.1668489090751,0.7039393381462755,60.41756168769171,69.20515700386963,80.22298257642393,77.70858258002319,30.411239431400602,17.84545591087528,17.423552997199327,28.62556868198429,64.64944849663277,80.11749227112715,4.08996854662636,21.666450891517975,66.17539881877573,9.584758393820781,13.151384758046568,12.638985660090476,86.67504209166752,38.2439462547341,50.41501670380835,73.90716646877935,35.63720959394672,33.49194793578165,51.749306235378036,58.39652275057646,15.832184363583451,81.91684451983649,76.95325637923997,4.311936195854774,2.02100980945887,0.31187100568677406,0.5900069761126988
64,79.38399910926819,86.89211905002594,88.1565123796463,88.6335164308548,88.99735808372498,89.50679540634155,89.53860640525818,89.60224449634552,89.60601031780243,89.85078871250153,89.92410957813263,89.97025966644287,89.98897075653076,89.99592304229736,89.99650776386261,89.9966686964035,89.99780595302582,89.99916315078735,89.99918460845947,89.99966204166412,89.99986052513123,89.9999463558197,89.99995172023773,89.99995708465576,89.99998390674591,89.99998927116394,89.99999463558197,90.0,90.0,90.0,1.3113572067049923,0.0027307827068395957,0.4440530400336961
65,66.30346655845642,82.32883930206299,85.46146631240845,87.27301955223083,88.53687644004822,88.83038520812988,89.29262638092041,89.56434488296509,89.68673944473267,89.82301712036133,89.9107038974762,89.95360851287842,89.96880054473877,89.98466849327087,89.99044060707092,89.99449074268341,89.99721050262451,89.99826192855835,89.99917387962341,89.9995493888855,89.99964594841003,89.99982297420502,89.99988198280334,89.99993562698364,89.99995708465576,89.99997854232788,89.99998927116394,89.99998927116394,89.99999463558197,90.0,1.6443303939612601,0.07111901886113708,0.4875979379740092
66,18.869200944900513,58.149282932281494,72.2377359867096,79.97524917125702,85.88952541351318,86.62088334560394,87.17566072940826,87.27852880954742,87.85696864128113,87.94986963272095,88.02621066570282,88.09841573238373,88.69574904441833,89.17167484760284,89.68864917755127,89.7914206981659,89.9207192659378,89.97046887874603,89.98878836631775,89.99015629291534,89.99092876911163,89.9911218881607,89.991175532341,89.99665796756744,89.99677062034607,89.99681353569031,89.99877154827118,89.99877691268921,89.99950110912323,89.99980688095093,0.9917449888600164,1.9468440048914364,0.36167062543226636
67,0.45926069375127554,45.34385919570923,61.56570911407471,75.2536815404892,83.84313404560089,84.4231241941452,87.84139573574066,89.07109200954437,89.33115363121033,89.4766902923584,89.63022530078888,89.8567271232605,89.93718266487122,89.96881127357483,89.98771548271179,89.99500572681427,89.9981439113617,89.99930799007416,89.99968886375427,89.99969959259033,89.99987125396729,89.99988198280334,89.99990344047546,89.99991416931152,89.99995708465576,89.99997854232788,89.99998927116394,90.0,90.0,90.0,1.2521021406756416,2.768224226590427,0.4933203791525521
68,45.51310658454895,73.2639491558075,81.8735933303833,86.43546223640442,88.60404431819916,88.96508038043976,88.96997272968292,89.59509372711182,89.60543632507324,89.6069598197937,89.6270227432251,89.85674858093262,89.93471503257751,89.94566917419434,89.95235323905945,89.97816145420074,89.97843503952026,89.9871951341629,89.99519348144531,89.99803125858307,89.99925971031189,89.99937772750854,89.99976396560669,89.9998390674591,89.99994099140167,89.99997854232788,89.99998927116394,89.99999463558197,90.0,90.0,0.8628052021321416,0.6158961045843935,0.27319034486293853
69,44.98558580875397,73.00353348255157,77.97212719917297,80.02602338790894,84.50215816497803,87.19570755958557,87.3306280374527,88.97226333618164,89.60768938064575,89.62415277957916,89.80725646018982,89.8115587234497,89.82639670372009,89.88901019096375,89.94206428527832,89.97142374515533,89.97190654277802,89.97355341911316,89.98781740665436,89.99543488025665,89.99607861042023,89.99811708927155,89.99920606613159,89.9994957447052,89.99953866004944,89.99976396560669,89.9998927116394,89.99995708465576,89.99998390674591,89.99999463558197,0.8326318697063615,0.6466710621571524,0.26054847896700795
70,39.66953068971634,70.29275894165039,71.4886486530304,74.27320003509521,76.8856930732727,77.807697057724,83.895742893219,87.04217791557312,88.243807554245,89.20069098472595,89.34203267097473,89.58592057228088,89.64736461639404,89.80120539665222,89.85396981239319,89.93922114372253,89.94860887527466,89.95306134223938,89.95570063591003,89.98314499855042,89.99313354492188,89.99476432800293,89.9955153465271,89.99572992324829,89.99619126319885,89.9969208240509,89.99728560447693,89.99783277511597,89.99879837036133,89.9991524219513,0.7614629965934538,0.9114358706607046,0.19607706447683537
71,62.13470757007599,80.69446206092834,80.8575189113617,81.14535212516785,81.29357099533081,81.74319505691528,84.99156475067139,86.12504482269287,86.38296604156494,88.51753234863281,88.54199409484863,88.69789481163025,88.7172281742096,88.85085046291351,89.3312931060791,89.703369140625,89.88586127758026,89.89189624786377,89.9553894996643,89.95893001556396,89.96404767036438,89.98471140861511,89.99412059783936,89.99414205551147,89.99743580818176,89.99876081943512,89.99880373477936,89.99936699867249,89.99967813491821,89.99988198280334,1.7857369039945592,0.1768736301738133,0.4942722031245499
72,2.567108888179064,46.906986236572266,66.354900598526,77.32427179813385,78.38380873203278,85.22099554538727,85.56957542896271,85.77925443649292,88.37715089321136,88.7255859375,88.80628287792206,89.41872775554657,89.43572223186493,89.6863853931427,89.68788206577301,89.792520403862,89.92273092269897,89.96080756187439,89.98309135437012,89.99083757400513,89.99211966991425,89.99246299266815,89.99720513820648,89.99891638755798,89.9989378452301,89.99911487102509,89.99923825263977,89.99967813491821,89.99975860118866,89.99975860118866,1.25603419305321,2.971323921207442,0.5099561058538709
73,7.144779860973358,50.215920209884644,50.67961513996124,64.85190868377686,78.36387991905212,78.68717193603516,85.36706328392029,87.90441155433655,88.82433414459229,89.04939293861389,89.13850665092468,89.46837544441223,89.54426050186157,89.82961535453796,89.92983341217041,89.95417714118958,89.97378945350647,89.98968958854675,89.99611616134644,89.99810099601746,89.9981439113617,89.99924898147583,89.9993884563446,89.99940991401672,89.99968886375427,89.99969959259033,89.99972105026245,89.99972105026245,89.99988198280334,89.9998927116394,1.1821385201031285,2.62245792725984,0.46821194916379694
74,1.0030420683324337,45.7494843006134,63.334524035453796,77.85696923732758,77.97001898288727,78.53177011013031,80.22063910961151,86.05676651000977,86.25705242156982,87.66310930252075,88.74873340129852,88.78652036190033,89.20571744441986,89.7016954421997,89.85285937786102,89.90377306938171,89.9202686548233,89.92066025733948,89.96347904205322,89.98503863811493,89.98948574066162,89.99306380748749,89.99655067920685,89.9986857175827,89.99881982803345,89.99897003173828,89.99917387962341,89.99968349933624,89.99988198280334,89.99990344047546,1.3331856577146193,3.434474492996817,0.5559614624695116
75,0.7380258198827505,45.55200397968292,66.03879690170288,79.20737028121948,85.0466787815094,86.25719726085663,86.4016717672348,86.46951019763947,86.759934425354,86.82292878627777,88.77007842063904,89.54012453556061,89.61305916309357,89.77004885673523,89.77612674236298,89.78075087070465,89.78215098381042,89.87217128276825,89.95236396789551,89.98030722141266,89.98772084712982,89.9888151884079,89.98902976512909,89.9945068359375,89.99779522418976,89.997838139534,89.99898076057434,89.99953329563141,89.99962985515594,89.99984979629517,1.2435929940072068,3.0516157705984464,0.5137156250895214
76,10.57297758758068,52.61652946472168,52.72969722747803,69.85711991786957,70.62562108039856,81.32265150547028,85.34067571163177,85.44630646705627,85.6135904788971,86.029611825943,88.45987021923065,88.7679648399353,88.8063097000122,89.43339943885803,89.76694822311401,89.79037463665009,89.84746277332306,89.85045611858368,89.9438989162445,89.97273802757263,89.98948037624359,89.99172270298004,89.9965238571167,89.99871253967285,89.9988466501236,89.99918460845947,89.99919533729553,89.99921679496765,89.99965131282806,89.99972641468048,1.1410270314063933,3.4994230866799936,0.5251570991821011
77,11.286484748125076,53.107786774635315,58.13567340373993,69.38951432704926,77.20909237861633,80.44892728328705,85.20638823509216,87.96528160572052,88.4262353181839,88.77907991409302,89.41948413848877,89.73992764949799,89.82686340808868,89.84258651733398,89.93385672569275,89.96552288532257,89.97722268104553,89.98904049396515,89.99398648738861,89.99716758728027,89.99791860580444,89.99800980091095,89.99912559986115,89.99963521957397,89.99971032142639,89.99987125396729,89.99991416931152,89.99996244907379,89.99998390674591,89.99998927116394,1.0341768237501674,2.549326098714238,0.43176140102161664
78,19.673337936401367,58.66466403007507,66.52452349662781,68.98363709449768,74.34587180614471,77.46178328990936,84.36372399330139,85.10633111000061,86.28246903419495,87.49140501022339,88.37944149971008,88.53817999362946,89.328573346138,89.57613587379456,89.71885085105896,89.82235729694366,89.85614776611328,89.93362069129944,89.96186971664429,89.97418105602264,89.9804037809372,89.98655676841736,89.99277412891388,89.99486088752747,89.99751627445221,89.99880909919739,89.99930262565613,89.99958157539368,89.9997478723526,89.99982297420502,1.032256156020092,1.9171281135057283,0.3672179316085535
79,17.641999125480652,57.35562801361084,67.75713264942169,77.26243615150452,78.09215605258942,83.6192661523819,86.79788768291473,87.63085842132568,89.08153116703033,89.6532654762268,89.79345917701721,89.91455554962158,89.96366679668427,89.97668623924255,89.97855305671692,89.98434662818909,89.9863475561142,89.98654067516327,89.99452292919159,89.99541878700256,89.99680817127228,89.99762892723083,89.99771475791931,89.99872326850891,89.99936163425446,89.99936163425446,89.9994045495987,89.99966204166412,89.99986052513123,89.99986052513123,0.7971316964595321,2.1485810880870333,0.334704827690509
80,39.909456968307495,70.41850626468658,74.34623122215271,77.95668840408325,79.28106665611267,84.7606748342514,86.05207800865173,88.05676639080048,88.46258461475372,89.03838515281677,89.51114594936371,89.6719765663147,89.82024371623993,89.89443898200989,89.93106186389923,89.9678885936737,89.98415887355804,89.98769402503967,89.99062299728394,89.99183535575867,89.99609470367432,89.99791860580444,89.99903440475464,89.99953329563141,89.99977469444275,89.99986052513123,89.99991416931152,89.99995172023773,89.99996244907379,89.99998390674591,1.0731093223898338,1.0492430217890403,0.2461738999417255
81,18.630546033382416,57.99561381340027,68.58241081237793,69.8829174041748,76.61229014396667,80.0248646736145,80.70006251335144,84.21706080436707,85.43323874473572,87.3757266998291,88.36586952209473,89.04895305633545,89.52251315116882,89.75852608680725,89.87206935882568,89.89039421081543,89.9553894996643,89.9811065196991,89.98287677764893,89.99141693115234,89.99276876449585,89.99448537826538,89.99756455421448,89.9981439113617,89.99860525131226,89.999098777771,89.99924898147583,89.9994421005249,89.9996566772461,89.99972105026245,1.3968575774671474,2.1101784840189324,0.4568630000609916
82,31.328206658363342,65.71894884109497,72.98037528991699,80.65853655338287,83.8769781589508,85.77779531478882,86.66687250137329,88.06356847286224,88.94259810447693,89.48906064033508,89.67154741287231,89.80356574058533,89.87296521663666,89.90294694900513,89.93345439434052,89.95173633098602,89.97044205665588,89.98628854751587,89.99127745628357,89.99523103237152,89.99771475791931,89.99870717525482,89.99905049800873,89.99929189682007,89.99949038028717,89.9996942281723,89.99983370304108,89.99990344047546,89.99995172023773,89.99997317790985,0.9549852846898558,1.3554208640398837,0.271700393106974
83,21.366839110851288,59.73793387413025,73.99593472480774,78.87404680252075,84.13321495056152,84.15817022323608,84.19768452644348,84.57547903060913,85.0447690486908,85.15332341194153,87.40446925163269,87.53075838088989,89.05585169792175,89.42244529724121,89.67921853065491,89.6947431564331,89.87532019615173,89.87571716308594,89.94316935539246,89.97316718101501,89.97642874717712,89.99120235443115,89.99670624732971,89.99784350395203,89.99918460845947,89.99930262565613,89.9993884563446,89.99964594841003,89.9996566772461,89.9998390674591,1.5808679427780463,2.0387973150162546,0.4769637112553471
84,30.164836049079895,65.04966259002686,67.19534933567047,75.47746896743774,80.41294813156128,82.70938575267792,85.24768888950348,87.57739126682281,88.24782013893127,89.00826394557953,89.4301325082779,89.6757584810257,89.79827642440796,89.91698563098907,89.96434807777405,89.97285068035126,89.9841159582138,89.99253273010254,89.99563336372375,89.99797224998474,89.99841749668121,89.99909341335297,89.9995493888855,89.9996942281723,89.99984979629517,89.99991953372955,89.99994099140167,89.99997317790985,89.99998390674591,89.99999463558197,0.8486216878729371,1.540407378837879,0.27391722768488386
85,60.141005516052246,79.88101243972778,83.35611462593079,85.07330238819122,86.15226924419403,88.1080287694931,88.88922214508057,89.45654153823853,89.65012729167938,89.7947895526886,89.89438533782959,89.95113015174866,89.97546315193176,89.98390138149261,89.9881660938263,89.99177634716034,89.99414205551147,89.99678134918213,89.99853014945984,89.99929189682007,89.99937772750854,89.9996566772461,89.99973714351654,89.99984443187714,89.99987125396729,89.99993562698364,89.99996781349182,89.99997854232788,89.99998927116394,89.99998927116394,1.5551584535440275,0.1925212067647092,0.461351665894239
86,26.479722261428833,62.87866652011871,67.61499166488647,71.20100855827332,75.02435266971588,75.66617846488953,82.63259947299957,86.48940145969391,88.02734792232513,88.78874659538269,88.94808053970337,89.39021587371826,89.49425876140594,89.52821552753448,89.71659243106842,89.74656343460083,89.77575659751892,89.81100082397461,89.89753425121307,89.92699027061462,89.97023284435272,89.98414814472198,89.98742580413818,89.99370753765106,89.99524712562561,89.99594986438751,89.99675989151001,89.99856233596802,89.99887883663177,89.99900758266449,0.8320478256301963,1.5069593824687315,0.264539959368484
87,37.02889859676361,68.88737797737122,76.28597795963287,81.99362754821777,84.41387593746185,86.5273118019104,88.12387526035309,89.07631158828735,89.35021877288818,89.62204992771149,89.72738564014435,89.81500804424286,89.91015136241913,89.9331647157669,89.96529221534729,89.97747480869293,89.98803198337555,89.99176561832428,89.99386847019196,89.9961805343628,89.99719440937042,89.997838139534,89.99859988689423,89.99903976917267,89.99929189682007,89.99952256679535,89.99973714351654,89.99979615211487,89.99989807605743,89.99995172023773,0.879206799078213,1.0243765866067875,0.2064689609086807
88,25.17613649368286,62.092108726501465,73.98383796215057,80.95354735851288,82.76624858379364,84.8042231798172,86.13879919052124,86.8191146850586,88.19686353206635,89.08442258834839,89.59380090236664,89.69713032245636,89.8559707403183,89.8936665058136,89.93770837783813,89.96070563793182,89.97206747531891,89.98269975185394,89.98697519302368,89.99130427837372,89.99361634254456,89.99604105949402,89.99794542789459,89.99872326850891,89.99889492988586,89.99915778636932,89.99957621097565,89.99981224536896,89.99991416931152,89.99996244907379,0.9670146872597498,1.6207255230479807,0.31473829859705077
89,23.36641788482666,60.9840452671051,68.19016456604004,71.26945853233337,77.75000274181366,80.88823020458221,84.21334862709045,86.24738574028015,87.07233667373657,88.54313135147095,88.89851331710815,89.23358023166656,89.5335853099823,89.79187667369843,89.8938113451004,89.92124497890472,89.94800269603729,89.96917068958282,89.98062908649445,89.98680889606476,89.99332129955292,89.9958211183548,89.99767184257507,89.9985945224762,89.99930799007416,89.99946892261505,89.99971568584442,89.99982297420502,89.9998551607132,89.99989807605743,0.9863244535382496,1.7356711584939966,0.3346039977410895
90,24.159142076969147,61.47172451019287,69.3078625202179,72.81103134155273,79.73780393600464,81.27474188804626,85.95176339149475,88.21389555931091,88.82980585098267,88.95862698554993,89.00192856788635,89.0731680393219,89.40554738044739,89.44372057914734,89.76657271385193,89.8610508441925,89.89465355873108,89.95912313461304,89.96049642562866,89.96981978416443,89.9781346321106,89.99130964279175,89.99665260314941,89.99727487564087,89.99892711639404,89.99956011772156,89.99980688095093,89.99988198280334,89.99992489814758,89.99993562698364,0.7586184854964754,1.5406239802165358,0.24872307425418286
91,23.177678883075714,60.867406725883484,70.58608531951904,71.20914101600647,81.42690896987915,81.49771928787231,84.01389956474304,84.38835740089417,85.75200319290161,85.84580540657043,87.83274292945862,89.17481303215027,89.37709450721741,89.7652530670166,89.79033708572388,89.92081046104431,89.97030258178711,89.989013671875,89.99090194702148,89.9925971031189,89.99298334121704,89.99311208724976,89.993155002594,89.99324083328247,89.99383091926575,89.9975860118866,89.99868035316467,89.99868035316467,89.99931335449219,89.99932408332825,1.308065573461812,1.6474494535145912,0.38638854061001127
92,57.798423171043396,78.89856219291687,81.68798446655273,81.8770158290863,86.3395357131958,87.85589575767517,89.17139053344727,89.1754674911499,89.68913197517395,89.87876415252686,89.95348513126373,89.98008728027344,89.99115407466888,89.99660968780518,89.99855160713196,89.99930262565613,89.99963521957397,89.99986588954926,89.9999463558197,89.99995708465576,89.99995708465576,89.99995708465576,89.99995708465576,89.99996244907379,89.99997854232788,89.99997854232788,89.99998927116394,90.0,90.0,90.0,1.2124296546996456,0.19684267763934613,0.4048343274762279
93,22.39770859479904,60.383214354515076,64.85864639282227,71.0776162147522,75.35919427871704,80.88528513908386,84.63489532470703,87.23265767097473,88.1123685836792,88.86456727981567,89.30612325668335,89.61456656455994,89.71726298332214,89.81412291526794,89.85064387321472,89.91721630096436,89.96358633041382,89.98412132263184,89.98749017715454,89.99290823936462,89.99595522880554,89.99790787696838,89.99897003173828,89.99917387962341,89.99948501586914,89.99974250793457,89.99979615211487,89.99981760978699,89.99987125396729,89.99991416931152,0.7419518833837848,1.9567305931194334,0.29751948406748063
94,29.544298946857452,64.6895170211792,75.21904349327087,83.52483630180359,83.58519673347473,83.88059377670288,86.34085536003113,86.41674041748047,86.45909786224365,88.59987616539001,88.63107562065125,89.48328852653503,89.49461817741394,89.60274338722229,89.82313513755798,89.93278384208679,89.97275948524475,89.98980760574341,89.99611616134644,89.99623417854309,89.99853014945984,89.9993884563446,89.99940991401672,89.99943137168884,89.99977469444275,89.99991416931152,89.99996781349182,89.99998927116394,90.0,90.0,1.1917451057077997,1.5024301236960587,0.3447016753954927
95,22.019570767879486,60.14721751213074,61.153786182403564,64.99273538589478,74.6739649772644,75.24553298950195,78.342604637146,84.90522980690002,87.69192695617676,88.64647150039673,89.3426764011383,89.64589476585388,89.70757484436035,89.79353427886963,89.87834572792053,89.93482232093811,89.96921896934509,89.98756527900696,89.99122381210327,89.99613761901855,89.99756455421448,89.99785423278809,89.9979829788208,89.99895930290222,89.99957084655762,89.9996566772461,89.99984979629517,89.99988198280334,89.9999463558197,89.99997854232788,0.8009227230274719,1.8429388372922546,0.30124695015392267
96,13.952465057373047,54.91770386695862,62.40109384059906,70.86823761463165,77.98570454120636,81.8355917930603,85.09856343269348,87.10689425468445,88.80399763584137,89.09184694290161,89.28713858127594,89.51543748378754,89.68521058559418,89.84169065952301,89.91744697093964,89.93914604187012,89.96988952159882,89.98602569103241,89.99247372150421,89.994598031044,89.99700129032135,89.99776840209961,89.99907732009888,89.9995493888855,89.99979078769684,89.99987125396729,89.9999463558197,89.99997317790985,89.99998927116394,89.99998927116394,0.8411340526876705,2.2776398499722936,0.3599190572012798
97,24.745773375034332,61.83030366897583,68.59847724437714,76.4666998386383,79.2170798778534,84.05726552009583,85.82470178604126,86.74776792526245,88.26958894729614,88.96377682685852,89.35636639595032,89.59539413452148,89.74404215812683,89.82186913490295,89.90482449531555,89.93186116218567,89.94893074035645,89.97075319290161,89.98008728027344,89.98765110969543,89.99371290206909,89.995858669281,89.99688863754272,89.9983263015747,89.99908804893494,89.99953866004944,89.99972105026245,89.99982833862305,89.99988198280334,89.99991416931152,0.8768012127638557,1.8162465717080722,0.31833037890079957
98,20.536848306655884,59.213969707489014,67.32889115810394,76.0574859380722,80.68458080291748,84.14452314376831,84.84910726547241,85.74752926826477,87.05428004264832,88.24793815612793,89.00088250637054,89.41271424293518,89.68814492225647,89.77449059486389,89.83720064163208,89.87339973449707,89.93115305900574,89.95562016963959,89.980189204216,89.98747408390045,89.99117016792297,89.9940025806427,89.99586939811707,89.99799370765686,89.9988466501236,89.99922215938568,89.99945282936096,89.99967813491821,89.99981760978699,89.99992489814758,0.9481826408168746,2.0861532010766677,0.36711409574830733
99,24.72495138645172,61.81761145591736,70.43705105781555,74.5159238576889,79.86423254013062,83.8444858789444,86.96478009223938,88.29652905464172,89.01813447475433,89.46636915206909,89.60587084293365,89.79441404342651,89.89587128162384,89.94234323501587,89.96836602687836,89.98524785041809,89.99180853366852,89.99639511108398,89.99754846096039,89.99867498874664,89.9991899728775,89.9995869398117,89.99980688095093,89.99988198280334,89.9999463558197,89.99996244907379,89.99997854232788,89.99998390674591,89.99999463558197,89.99999463558197,0.7764331807973508,1.572171084469663,0.2585064848822302
100,55.302783250808716,77.81992793083191,83.28635573387146,85.50853371620178,87.88143038749695,88.67264986038208,89.41244602203369,89.59977149963379,89.83879923820496,89.93425369262695,89.96622562408447,89.98502790927887,89.9921303987503,89.99547243118286,89.99790787696838,89.99835848808289,89.99930799007416,89.99966740608215,89.99984979629517,89.99990344047546,89.99996244907379,89.99996244907379,89.99998927116394,89.99998927116394,89.99998927116394,89.99999463558197,90.0,90.0,90.0,90.0,1.1725250454545215,0.2708497140447406,0.388503274916587
101,36.39129459857941,68.54214012622833,77.46693313121796,79.76905703544617,84.1672146320343,85.6377786397934,88.13551604747772,88.44703316688538,88.73347163200378,89.41180229187012,89.45555984973907,89.7578501701355,89.78431284427643,89.89229321479797,89.9280846118927,89.95688617229462,89.96744334697723,89.97375190258026,89.97552216053009,89.98372972011566,89.99304234981537,89.99638974666595,89.99796152114868,89.99821901321411,89.99877691268921,89.99928653240204,89.99953329563141,89.99966740608215,89.99971032142639,89.99988734722137,0.7143429577128129,0.9217861429999306,0.17977896129642137
102,54.260321259498596,77.35951066017151,82.33397841453552,83.7196397781372,86.93875193595886,87.93747246265411,88.71954560279846,89.3152105808258,89.54824090003967,89.80992794036865,89.8899757862091,89.95298624038696,89.96773838996887,89.9785315990448,89.98219549655914,89.98976469039917,89.99253273010254,89.99384701251984,89.99715685844421,89.9983263015747,89.9991524219513,89.99962449073792,89.9997478723526,89.99986052513123,89.99990344047546,89.99994099140167,89.99996781349182,89.99998927116394,89.99998927116394,89.99999463558197,1.1351549017912352,0.2995736741664655,0.3777045176768299
103,25.246611535549164,62.13487923145294,69.05967235565186,79.96627449989319,85.19521951675415,88.02132368087769,88.27134847640991,88.59825611114502,89.32766675949097,89.56657648086548,89.77450132369995,89.7965919971466,89.91809606552124,89.96795296669006,89.98064517974854,89.98902440071106,89.99510765075684,89.99696373939514,89.99755382537842,89.99889492988586,89.9991524219513,89.99936699867249,89.99966740608215,89.99986052513123,89.9999463558197,89.99996781349182,89.99997854232788,89.99997854232788,89.99998927116394,89.99998927116394,0.7958297404511256,1.7274670432191623,0.2852529855950613
104,14.415451884269714,55.227901339530945,55.71459889411926,55.82871079444885,72.00130462646484,75.72680711746216,82.24087357521057,85.73555052280426,88.35298418998718,89.37682628631592,89.65982615947723,89.87357139587402,89.8821222782135,89.9174040555954,89.91797804832458,89.96873080730438,89.98463094234467,89.98482406139374,89.99413669109344,89.99443173408508,89.99765574932098,89.9981439113617,89.99840676784515,89.99841213226318,89.9994045495987,89.99977469444275,89.99991953372955,89.99991953372955,89.99993026256561,89.99997317790985,0.8617323651537031,1.920948154231318,0.3270404543532373
105,24.318548440933228,61.56935691833496,71.29299759864807,76.63257300853729,79.37731504440308,82.0087069272995,85.06439208984375,86.58839643001556,87.67004549503326,88.94532859325409,89.48260188102722,89.76320385932922,89.85713481903076,89.89403665065765,89.93122816085815,89.95408594608307,89.97157394886017,89.9827641248703,89.99061226844788,89.99496281147003,89.99638438224792,89.9980366230011,89.99883592128754,89.99942064285278,89.99967813491821,89.99974250793457,89.99981224536896,89.99989807605743,89.99993562698364,89.99996244907379,0.8961558896696145,1.6770511223470104,0.30530266644078785
106,38.23562175035477,69.53448235988617,70.00265657901764,71.69975459575653,73.88512194156647,76.50598883628845,76.64905250072479,77.83022224903107,77.91646599769592,80.3450345993042,82.37983345985413,86.71915411949158,88.61193537712097,89.45688486099243,89.7639012336731,89.90879416465759,89.93038058280945,89.93966102600098,89.95012164115906,89.98037695884705,89.9913740158081,89.99537587165833,89.99827265739441,89.99861598014832,89.99946355819702,89.99976396560669,89.99991416931152,89.99991416931152,89.99996781349182,89.99998927116394,2.53630093259875,2.06168257291605,0.585840109200405
107,57.19553768634796,78.64102721214294,78.73808562755585,79.62191104888916,84.9614542722702,85.6736022233963,87.44419276714325,88.98914515972137,89.01390194892883,89.50468182563782,89.77567076683044,89.77689385414124,89.89830136299133,89.95990633964539,89.98048961162567,89.98599350452423,89.99469995498657,89.99802589416504,89.99903440475464,89.99964594841003,89.99966740608215,89.99987125396729,89.9999463558197,89.99995708465576,89.99995708465576,89.99997854232788,89.99997854232788,89.99997854232788,89.99997854232788,89.99998927116394,1.3874457184217084,0.2539151660611656,0.4284163080331615
